fabric;amount;width
Ткань, Велсофт Однотонный жаккард, 280*205см;770.12;205
Ткань, Велсофт Однотонный жаккард, Бежевый узор 0.02, 280*205см;1784.1;205
Ткань, Велсофт Однотонный жаккард, Серый 0.01, 280*205см;1388.95;205
Ткань, Велсофт Однотонный жаккард, Серый узор 0.03, 280*205см;1734.8;205
Ткань, Велсофт Однотонный жаккард, Темно-серый 4.01, 280*205см;1832.4;205
Ткань, Велсофт, Бабочки 1.02, 280*205см;417.117;205
Ткань, Велсофт, Гномы , 280*205см;88.23;205
Ткань, Велсофт, Звездное небо 3.02, 280*205см;814.19;205
Ткань, Велсофт, Зебра 1.04, 280*205см;1655.572;205
Ткань, Велсофт, Лаванда 3.01, 280*205см;1278.73;205
Ткань, Велсофт, Леопард 1.01, 280*205см;1815.17;205
Ткань, Велсофт, Леопард Белый 1.05, 280*205см;3076.024;205
Ткань, Велсофт, Мрамор 2.01, 280*205см;2163.368;205
Ткань, Велсофт, Оранжевый градиент 4.02, 280*205см;1037.15;205
Ткань, Велсофт, Рыжие коты на бежевом 1, 280*205см;1766.6;205
Ткань, Велсофт, Сакура 3.03, 280*205см;1105.26;205
Ткань, Велсофт, Синие звезды на белом 3.04, 280*205см;1049.3;205
Ткань, Велсофт, Совы 1.03, 280*205см;1783.32;205
Ткань, Велсофт, Узор листья 2.02, 280*205см;2966.348;205
Ткань, Велсофт, цветной 280г, 2,05м;7500.05;205
Ткань, Махра, 400/160;2898.928;160
Ткань, Микрофибра, Бежевый с тиснением, 75/220;64;220
Ткань, Микрофибра, Бежевый с тиснением, 85/220;265165.99;220
Ткань, Микрофибра, Белый с бабочками, 110/220;3396.41;220
Ткань, Микрофибра, Белый с бабочками, 85/220;22291;220
Ткань, Микрофибра, Белый с тиснением, 85/220;15040.41;220
Ткань, Микрофибра, Зеленый с тиснением, 75/220;31970.59;220
Ткань, Микрофибра, Зеленый с тиснением, 85/220;29844;220
Ткань, Микрофибра, Лаванда с бабочками, 85/220;25328;220
Ткань, Микрофибра, Сиреневый Т-1, 110/220;19087;220
Ткань, Мулетон, ПЭ, 160/205;39056.59;205
Ткань, Мулетон, Хлопок, 160/210;78.94;210
Ткань, Полижаккард, 85/220;228.827;220
Ткань, Полижаккард, Лого золотой, 85/220;12876.2;220
Ткань, Полижаккард, Перо серое, 85/220;694.62;220
Ткань, Полисатин, 75/220;5984.2;220
Ткань, Полисатин, Бежевый, 95/240;3260;240
Ткань, Полисатин, Белый, 100/240;3825.68;240
Ткань, Полисатин, Геометрия голубая, 75/220;2180;220
Ткань, Полисатин, Звезды на сером, 75/220;4785.22;220
Ткань, Полисатин, Зебра, 75/220;3897;220
Ткань, Полисатин, Коричневые ветки на беж, 75/220;922;220
Ткань, Полисатин, Коты на синем, 75/220;3146.96;220
Ткань, Полисатин, Коты оранжевые на беж, 75/220;703;220
Ткань, Полисатин, ЛВ синий, 75/220;1186;220
Ткань, Полисатин, Мрамор серый, 75/220;3038;220
Ткань, Полисатин, Оранжевые цветы на белом, 75/220;592.06;220
Ткань, Полисатин, Светло- бежевый, 75/220;2096;220
Ткань, Полисатин, Серый меланж, 75/220;1908.42;220
Ткань, Полисатин, Серый, 95/240;1755.72;240
Ткань, Полисатин, Темно- бежевый, 75/220;6624;220
Ткань, Полисатин, Тюльпаны оранжевые на беж, 75/220;249.69;220
Ткань, Полисатин, Узор желтый на сером, 75/220;182.05;220
Ткань, Полисатин, Цветы фиолетовые на белом, 75/220;0.42;220
Ткань, Полиэстер, Бежевый, 65/220;81188.19;220
Ткань, Полиэстер, Белый, 65/220;50623.53;220
Ткань, Полиэстер, Белый, 85/220;6293.7;220
Ткань, Полиэстер, Верблюд, 60/220;986.68;220
Ткань, Полиэстер, Звезды на сером, 65/220;8821.86;220
Ткань, Полиэстер, Зеленый, 65/220;38645.65;220
Ткань, Полиэстер, Лаванда, 70/220;12493.88;220
Ткань, Полиэстер, Леопард 1.01, 65/220;6555;220
Ткань, Полиэстер, Лого голубой, 65/220;9196.91;220
Ткань, Полиэстер, Лого зеленый, 65/220;12166.56;220
Ткань, Полиэстер, Лого на бежевом, 65/220;24756;220
Ткань, Полиэстер, Лого розовый, 65/220;9946;220
Ткань, Полиэстер, Месяц и звезды, 65/220;11310.65;220
Ткань, Полиэстер, Овца, 65/220;86.77;220
Ткань, Полиэстер, Разный, 60/220;5649.12;220
Ткань, Полиэстер, Светло-коричневый, 65/220;9855;220
Ткань, Полиэстер, Серый, 65/220;10594;220
Ткань, Полиэстер, Темно-коричневый, 65/220;9764;220
Ткань, Полиэстер, Темно-синий, 65/220;9900;220
Ткань, Полиэстер, Эвкалипт, 60/220;5583.72;220
Ткань, Сетка трикотажная, 90/210;2255;210
Ткань, Скатерть, однотонный, 120/150;2391.06;150
Ткань, Скатерть, цветной, 150/150;1494.76;150
Ткань, Спанбонд , Бежевый, 55/160;930;160
Ткань, Спанбонд , Белый, 20/220;4000;220
Ткань, Спанбонд , Белый, 20/240;5031.38;240
Ткань, Спанбонд , Белый, 25/240;1000;240
Ткань, Спанбонд , Белый, 30/240;2500;240
Ткань, Спанбонд , Белый, 40/240;500;240
Ткань, Спанбонд , Белый, 50/220;1956;220
Ткань, Трикотаж, 3D сетка, 190/220;1537.225;220
Ткань, Ультрастеп, 220;1771.512;220
Ткань, хлопок (Поплин), 110/220;140.88;220
Ткань, Хлопок Бязь Детская , 120/150;1138.94;150
Ткань, Хлопок бязь, 120/220;36;220
Ткань, хлопок Поплин для КПБ, 110/220;1279.81;220
Ткань, Хлопок Поплин отбеленный , 110/220;23651.98;220
Ткань, хлопок Поплин, Бежевый в белую крапинку 4, 110/220;82;220
Ткань, хлопок Поплин, Геометрия на бежевом, 110/220;128.03;220
Ткань, хлопок Поплин, Желтый 4, 110/220;0.16;220
Ткань, хлопок Поплин, Леопард коричневый 1, 110/220;76.73;220
Ткань, хлопок Поплин, Ловец снов, 110/220;44.28;220
Ткань, хлопок Поплин, Лого золотой 2, 110/220;3200;220
Ткань, хлопок Поплин, Мрамор на белом, 110/220;158.72;220
Ткань, хлопок Поплин, Одуванчики на белом, 110/220;233.52;220
Ткань, хлопок Поплин, Цветок хлопка 3, 110/220;4160;220
Ткань, хлопок Поплин, Цветок хлопка бежевый, 110/220;9320;220
Ткань, Хлопок Сатин страйп полоса 1*1, 220см;342.35;220
Ткань, Хлопок Сатин страйп полоса 1*1, 240см;272.3;240
Ткань, Хлопок Сатин страйп полоса 1*1, 280см;5767.82;280
Ткань, Хлопок Сатин, 110/220;9050.73;220
Ткань, Хлопок Сатин, CD синий, 110/220;1197.5;220
Ткань, Хлопок Сатин, Golden Clouds, 110/220;1792.29;220
Ткань, Хлопок Сатин, Белые розы на сером, 110/220;1542;220
Ткань, Хлопок Сатин, Болотный в ромбик, 110/220;2621;220
Ткань, Хлопок Сатин, Голубой S, 110/220;1132;220
Ткань, Хлопок Сатин, Котята на желтом, 110/220;1448;220
Ткань, Хлопок Сатин, Пионы на розовом, 110/220;1801;220
Ткань, Хлопок Сатин, Размытые цветы на оливковом, 110/220;2474.12;220
Ткань, Хлопок Сатин, Серые разводы, 110/220;3072.29;220
Ткань, Хлопок Сатин, Серый в крапинку, 110/220;1959.07;220
Ткань, Хлопок Сатин, Серый в сетку, 110/220;1893;220
Ткань, Хлопок Трикотажный , 98*2*145;81.42;145
Ткань, Хлопок Трикотажный , Белый, 300/220;1006.3;220
