barcode;product_name;feature_name;fabric_name;fabric_cost
2000000000022;"Подушка ""Экофайбер"", в пакете";70х70;Ткань, Микрофибра Тик полиэстер, 85/220;0.5
2000027403660;"Одеяло ""Бамбук"", Зимнее, в пакете";2 сп.;Ткань, Полиэстер, Белый, 65/220;3.91
2000027403684;"Одеяло ""Бамбук"", Зимнее, в пакете";2 сп.;Ткань, Полиэстер, Белый, 65/220;3.91
2000027403776;"Одеяло ""Бамбук"", Зимнее, в пакете";Евро;Ткань, Полиэстер, Белый, 65/220;4.95
2000027405350;"Одеяло ""Верблюжья шерсть"", Облегченное, в пакете";1,5 сп.;Ткань, Полиэстер, Бежевый, 65/220;3.08
2000027406975;Простыня на резинке, Поплин, белый;90*200;Ткань, хлопок Поплин для КПБ, 110/220;1.63
2000027406982;Простыня на резинке, Поплин, белый;160*200;Ткань, хлопок Поплин для КПБ, 110/220;2.55
2000027406999;Простыня на резинке, Поплин, белый;180*200;Ткань, хлопок Поплин для КПБ, 110/220;2.79
2000027407071;Простыня на резинке, полисатин, 2309-18;90*200;Ткань, Полисатин, 75/220;1.63
2000027407293;Простыня на резинке, полисатин, 2309-19;180*200;Ткань, Полисатин, Белый, 100/240;2.25
2000027407453;Простыня на резинке, Сатин, геометрия;160*200;Ткань, Хлопок Сатин, 110/220;2.55
2000027407491;Подушка ортопедическая, Классика, в сумке;;Ткань, Хлопок Трикотажный , Белый, 300/220;0.2
2000027407880;Набор наволочек 2шт, Поплин, Зеленый;50*70;Ткань, хлопок Поплин для КПБ, 110/220;0.44
2000027407941;Наволочки с ушками , Поплин;50*70 2шт;Ткань, Хлопок Поплин отбеленный , 110/220;0.48
2000027408030;"КПБ, ""Pink cotton"", Поплин, 231417";2-х сп. с европростыней;Ткань, хлопок Поплин, Джунгли серый, 110/220;6.73
2000027408108;"КПБ, ""Magic cotton"", Сатин, 231405";евро;Ткань, Хлопок Сатин, 110/220;4.53
2000027408276;"КПБ, ""Vernisage"", satin soft , 2309-10";2-х сп.;Ткань, Полисатин, 75/220;1.83
2000027408344;"КПБ, ""Vernisage"", satin soft , 2309-15";евро;Ткань, Полисатин, 75/220;4.16
2000027408504;"КПБ, ""Magic cotton"", Сатин, 231402";2-х сп. с европростыней;Ткань, Хлопок Сатин, 110/220;2.49
2000027408665;Пододеяльник, Полисатин, 2309-10;1,5 сп 215х147;Ткань, Полисатин, Серый меланж, 75/220;3.1
2000027408726;"КПБ, ""Vernisage"", satin soft , 2309-16";1,5 сп.;Ткань, Полисатин, 75/220;4.65
2000027408870;"КПБ, ""Pink cotton"", Поплин, 231414";1,5 сп.;Ткань, хлопок Поплин для КПБ, 110/220;2.27
2000027409068;"КПБ, ""Moon cotton"", Поплин, 231211";2-х сп. с европростыней;Ткань, хлопок Поплин для КПБ, 110/220;2.49
2000027409754;Простыня на резинке, Полисатин, белый;160*200;Ткань, Полисатин, Белый, 100/240;2.03
2000027410651;"КПБ, ""Vernisage"", satin soft , 2410-11/цветы фиолетовые на белом";2-х сп.;Ткань, Полисатин, Цветы фиолетовые на белом, 75/220;6.11
2000027410705;"Покрывало, ""Absolute"", гномы";1,5 сп;Ткань, Велсофт, Гномы , 280*205см;1.57
2000027411023;"Подушка ""Думка"", гномы, Велсофт";40х40;Ткань, Велсофт, Гномы , 280*205см;0.2
2000027411146;Скатерть водоотталкивающая , серая, 135/220;;Ткань, Скатерть, однотонный, 120/150;2.36
2000027411177;Скатерть водоотталкивающая , Новый год, 135/220;;Ткань, Скатерть, цветной, 150/150;2.36
2000027411191;"Подушка ""Думка"", гномы, Велсофт";50х50;Ткань, Велсофт, Гномы , 280*205см;0.275
2000027411474;"Покрывало, ""Absolute"", Узор листья 2.02";1,5 сп;Ткань, Велсофт, Узор листья 2.02, 280*205см;1.57
2000027411481;"Покрывало, ""Absolute"", Узор листья 2.02";2 сп.;Ткань, Велсофт, цветной 280г, 2,05м;1.87
2000027411641;"Покрывало, ""Absolute"", Звездное небо 3.02";1,5 сп;Ткань, Велсофт, Звездное небо 3.02, 280*205см;1.57
2000027411658;"Покрывало, ""Absolute"", Лаванда 3.01";1,5 сп;Ткань, Велсофт, Лаванда 3.01, 280*205см;1.57
2000027411665;"Покрывало, ""Absolute"", Мрамор 2.01";1,5 сп;Ткань, Велсофт, Мрамор 2.01, 280*205см;1.57
2000027411696;"Покрывало, ""Absolute"", Сакура 3.03";1,5 сп;Ткань, Велсофт, Сакура 3.03, 280*205см;1.57
2000027412570;"Одеяло ""Лебединое озеро"", Зимнее, одн, скрутка в пакете, лого";Евро;Ткань, Полижаккард, Лого золотой, 85/220;4.56
2000027412587;"КПБ, ""Vernisage"", satin soft , 2410-15/ЛВ синий";2-х сп.;Ткань, Полисатин, ЛВ синий, 75/220;6.11
2000027413010;"КПБ, ""Moon cotton"", Поплин, Веточки на сером3";1,5 сп с 1 наволочкой;Ткань, хлопок Поплин, Веточки на сером 3, 110/220;5.33
2000027413027;"КПБ, ""Vernisage"", satin soft , Тюльпаны оранжевые на беж 3";2-х сп.;Ткань, Полисатин, Тюльпаны оранжевые на беж, 75/220;6.11
2000027413034;"КПБ, ""Vernisage"", satin soft , Мрамор серый 2";2-х сп.;Ткань, Полисатин, Мрамор серый, 75/220;6.11
2000027413041;"КПБ, ""Vernisage"", satin soft , Оранжевые цветы на белом 3";1,5 сп.;Ткань, Полисатин, Оранжевые цветы на белом, 75/220;5.23
2000027413058;"КПБ, ""Vernisage"", satin soft , Коты на синем 1";1,5 сп.;Ткань, Полисатин, Коты на синем, 75/220;5.23
2000027413065;"КПБ, ""Vernisage"", satin soft , Тюльпаны оранжевые на беж 3";1,5 сп.;Ткань, Полисатин, Тюльпаны оранжевые на беж, 75/220;4.65
2000027413256;"КПБ, ""Pink cotton"", Поплин, Леопард коричневый 1";1,5 сп.;Ткань, хлопок Поплин, Леопард коричневый 1, 110/220;5.33
2000027413331;"КПБ, ""Magic cotton"", Сатин, белые розы на сером";2-х сп. с европростыней;Ткань, Хлопок Сатин, Белые розы на сером, 110/220;2.41
2000027413331;"КПБ, ""Magic cotton"", Сатин, белые розы на сером";2-х сп. с европростыней;Ткань, Хлопок Сатин, Размытые цветы на оливковом, 110/220;4.32
2000027413348;"КПБ, ""Magic cotton"", Сатин, пионы на розовом";2-х сп. с европростыней;Ткань, Хлопок Сатин, Пионы на розовом, 110/220;2.41
2000027413348;"КПБ, ""Magic cotton"", Сатин, пионы на розовом";2-х сп. с европростыней;Ткань, Хлопок Сатин, Серые разводы, 110/220;4.32
2000027413355;"КПБ, ""Magic cotton"", Сатин, Colden Clouds";2-х сп. с европростыней;Ткань, Хлопок Сатин, Болотный в ромбик, 110/220;4.32
2000027413355;"КПБ, ""Magic cotton"", Сатин, Colden Clouds";2-х сп. с европростыней;Ткань, Хлопок Сатин, Golden Clouds, 110/220;2.41
2000027413362;"КПБ, ""Magic cotton"", Сатин, голубой S";2-х сп. с европростыней;Ткань, Хлопок Сатин, Серый в сетку, 110/220;4.32
2000027413362;"КПБ, ""Magic cotton"", Сатин, голубой S";2-х сп. с европростыней;Ткань, Хлопок Сатин, Голубой S, 110/220;2.41
2000027413416;"КПБ, ""Magic cotton"", Сатин, котята на желтом";1,5 сп.;Ткань, Хлопок Сатин, Котята на желтом, 110/220;5.33
2000027413423;"КПБ, ""Pink cotton"", Поплин, геометрия на сиреневом";Евро;Ткань, хлопок Поплин, Геометрия на сиреневом, 110/220;7.23
2000027413430;"КПБ, ""Pink cotton"", Поплин, одуванчики на белом";2-х сп. с европростыней;Ткань, хлопок Поплин, Одуванчики на белом, 110/220;6.73
2000027413447;"КПБ, ""Pink cotton"", Поплин, лаванда";2-х сп. с европростыней;Ткань, хлопок Поплин, Лаванда, 110/220;6.73
2000027413454;"КПБ, ""Fashion Style"", Сатин, CD синий";2-х сп. с европростыней;Ткань, Хлопок Сатин, Серый в крапинку, 110/220;4.76
2000027413454;"КПБ, ""Fashion Style"", Сатин, CD синий";2-х сп. с европростыней;Ткань, Хлопок Сатин, CD синий, 110/220;2.41
2000027413461;"КПБ, ""Moon cotton"", Поплин, Геометрия на бежевом";2-х сп. с европростыней;Ткань, хлопок Поплин, Геометрия на бежевом, 110/220;6.73
2000027413478;"КПБ, ""Moon cotton"", Поплин, мрамор на белом";2-х сп. с европростыней;Ткань, хлопок Поплин, Мрамор на белом, 110/220;6.73
2000027413485;"КПБ, ""Moon cotton"", Поплин, ловец снов";2-х сп. с европростыней;Ткань, хлопок Поплин, Ловец снов, 110/220;3.0700000000000003
2000027413805;"КПБ, ""Magic cotton"", Сатин, голубой S";Евро;Ткань, Хлопок Сатин, Серый в сетку, 110/220;2.52
2000027413805;"КПБ, ""Magic cotton"", Сатин, голубой S";Евро;Ткань, Хлопок Сатин, Голубой S, 110/220;2.08
2000027413812;"КПБ, ""Fashion Style"", Сатин, CD синий";евро;Ткань, Хлопок Сатин, CD синий, 110/220;2.08
2000027413812;"КПБ, ""Fashion Style"", Сатин, CD синий";евро;Ткань, Хлопок Сатин, Серый в крапинку, 110/220;2.08
2000027413829;"КПБ, ""Magic cotton"", Сатин, Colden Clouds";Евро;Ткань, Хлопок Сатин, Болотный в ромбик, 110/220;2.52
2000027413829;"КПБ, ""Magic cotton"", Сатин, Colden Clouds";Евро;Ткань, Хлопок Сатин, Golden Clouds, 110/220;2.08
2000027414024;Простыня, Полисатин, Темно-бежевый;евро 240*215;Ткань, Полисатин, Темно- бежевый, 75/220;2.48
2000027414031;Простыня, Полисатин, Светло-бежевый 4;евро 240*215;Ткань, Полисатин, Светло- бежевый, 75/220;2.48
2000027414048;Простыня, Полисатин, Серый меланж 4;евро 240*215;Ткань, Полисатин, Серый меланж, 75/220;2.48
2000027414055;Набор наволочек 2шт, полисатин, бежевый;50*70;Ткань, Полисатин, Темно- бежевый, 75/220;0.44
2000027414062;Набор наволочек 2шт, Полисатин, Серый меланж 4;50*70;Ткань, Полисатин, Серый меланж, 75/220;0.44
2000027414130;"Одеяло ""Сказки королевы"", Демисезонное, в сумке";1,5 сп;Ткань, хлопок Поплин, Цветок хлопка бежевый, 110/220;3.17
2000027414147;"Одеяло ""Сказки королевы"", Демисезонное, в сумке";2сп;Ткань, хлопок Поплин, Цветок хлопка бежевый, 110/220;3.87
2000027414154;"Одеяло ""Сказки королевы"", Демисезонное, в сумке";Евро;Ткань, хлопок Поплин, Цветок хлопка бежевый, 110/220;4.9
2000027414161;"КПБ, ""Pink cotton"", Поплин, Леопард коричневый 1";2-х сп. с европростыней;Ткань, хлопок Поплин, Леопард коричневый 1, 110/220;6.15
2000027414291;"Покрывало, ""Absolute"", оранжевый градиент";2 сп;Ткань, Велсофт, Оранжевый градиент 4.02, 280*205см;1.87
2000027414345;"КПБ, ""Pink cotton"", Поплин, лаванда";1,5 сп.;Ткань, хлопок Поплин, Лаванда, 110/220;4.75
2000027414352;"КПБ, ""Magic cotton"", Сатин, голубой S";1,5 сп.;Ткань, Хлопок Сатин, Серый в сетку, 110/220;3.2199999999999998
2000027414352;"КПБ, ""Magic cotton"", Сатин, голубой S";1,5 сп.;Ткань, Хлопок Сатин, Голубой S, 110/220;1.53
2000027414475;Пододеяльник, Полисатин, Светло-бежевый;1,5 сп 215х147;Ткань, Полисатин, Светло- бежевый, 75/220;3.1
2000027414482;"КПБ, ""Pink cotton"", Поплин, джунгли серый";1,5 сп.;Ткань, хлопок Поплин, Джунгли серый, 110/220;4.75
2000027414499;"КПБ, ""Pink cotton"", Поплин, геометрия на сиреневом";1,5 сп.;Ткань, хлопок Поплин, Геометрия на сиреневом, 110/220;4.75
2000027414505;"КПБ, ""Moon cotton"", Поплин, ловец снов";1,5 сп с 1 наволочкой;Ткань, хлопок Поплин, Ловец снов, 110/220;4.75
2000027414512;"КПБ, ""Moon cotton"", Поплин, Геометрия на бежевом";1,5 сп с 1 наволочкой;Ткань, хлопок Поплин, Геометрия на бежевом, 110/220;4.75
2000027414529;"КПБ, ""Moon cotton"", Поплин, мрамор на белом";1,5 сп с 1 наволочкой;Ткань, хлопок Поплин, Мрамор на белом, 110/220;4.75
2000027414536;Пододеяльник, Полисатин, Темно-бежевый;1,5 сп 215х147;Ткань, Полисатин, Темно- бежевый, 75/220;3.1
2000027414550;"Покрывало, ""Absolute"", Сакура 3.03";2 сп;Ткань, Велсофт, Сакура 3.03, 280*205см;1.87
2000027414574;"Покрывало, ""Absolute"", оранжевый градиент";1,5 сп;Ткань, Велсофт, Оранжевый градиент 4.02, 280*205см;1.57
2000027414581;Пододеяльник, Полисатин, Светло-бежевый;2-х сп 215х175;Ткань, Полисатин, Светло- бежевый, 75/220;3.7
2000027414611;Пододеяльник, Полисатин, Темно-бежевый;2-х сп 215х175;Ткань, Полисатин, Темно- бежевый, 75/220;3.7
2000027414796;Пододеяльник, Полисатин, геометрия голубая;1,5 сп 215х147;Ткань, Полисатин, Геометрия голубая, 75/220;3.1
2000027414802;Пододеяльник, Полисатин, геометрия голубая;2-х сп 215х175;Ткань, Полисатин, Геометрия голубая, 75/220;3.7
2000027414819;Набор наволочек 2шт, Полисатин, Светло-бежевый 4;50*70;Ткань, Полисатин, Светло- бежевый, 75/220;0.44
2000027414949;"КПБ, ""Magic cotton"", Сатин, пионы на розовом";1,5 сп.;Ткань, Хлопок Сатин, Пионы на розовом, 110/220;1.53
2000027414949;"КПБ, ""Magic cotton"", Сатин, пионы на розовом";1,5 сп.;Ткань, Хлопок Сатин, Серые разводы, 110/220;3.2199999999999998
2000027415021;Одеяло Swan touch, Всесезонное, ультразвук, скрутка в пакете, лого, зеленый;1,5сп;Ткань, Полиэстер, Лого зеленый, 65/220;3.08
2000027415038;Одеяло Swan touch, Всесезонное, ультразвук, скрутка в пакете, лого, зеленый;2сп;Ткань, Полиэстер, Лого зеленый, 65/220;3.78
2000027415045;Одеяло Swan touch, Всесезонное, ультразвук, скрутка в пакете, лого, зеленый;Евро;Ткань, Полиэстер, Лого зеленый, 65/220;4.83
2000027415151;"КПБ, ""Pink cotton"", Поплин, одуванчики на белом";1,5 сп.;Ткань, хлопок Поплин, Одуванчики на белом, 110/220;4.75
2000027415182;"КПБ, ""Vernisage"", satin soft , Оранжевые цветы на белом 3";2-х сп.;Ткань, Полисатин, Оранжевые цветы на белом, 75/220;5.53
2000027415199;"КПБ, ""Magic cotton"", Сатин, белые розы на сером";семья;Ткань, Хлопок Сатин, Белые розы на сером, 110/220;1.53
2000027415199;"КПБ, ""Magic cotton"", Сатин, белые розы на сером";семья;Ткань, Хлопок Сатин, Размытые цветы на оливковом, 110/220;1.97
2000027415229;"Покрывало, ""Absolute"", совы 1,03";1,5 сп;Ткань, Велсофт, Совы 1.03, 280*205см;1.57
2000027415328;"КПБ, ""Magic cotton"", Сатин, белые розы на сером";1,5 сп.;Ткань, Хлопок Сатин, Размытые цветы на оливковом, 110/220;1.69
2200000014221;"Покрывало, ""Элегия"", бежевый";Евро;Ткань, Велсофт Однотонный жаккард, 280*205см;2.27
2200000014863;"Одеяло ""Лебединое озеро"", Облегченное, в сумке";1,5 сп.;Ткань, Полижаккард, 85/220;3.08
2200000014870;"Одеяло ""Лебединое озеро"", Облегченное, в сумке";2 сп.;Ткань, Полижаккард, 85/220;3.74
2200000015402;"Покрывало, ""Элегия"", коричневый";2 сп;Ткань, Велсофт Однотонный жаккард, 280*205см;1.87
2200000017345;"Покрывало, ""Элегия"", молочный";1,5 сп;Ткань, Велсофт Однотонный жаккард, 280*205см;1.57
2200000018717;Наматрасник влагонепроницаемый, 90*200;;Ткань, Мулетон, Хлопок, 160/210;0.95
2200000018724;Наматрасник влагонепроницаемый, 160*200;;Ткань, Мулетон, Хлопок, 160/210;1.65
2200000018731;Наматрасник влагонепроницаемый, 180*200;;Ткань, Мулетон, Хлопок, 160/210;1.85
2200000019189;Одеяло -покрывало двусторонее, в пакете;1,5 сп.;Ткань, Полиэстер, Разный, 60/220;3.08
2200000019196;Одеяло -покрывало двусторонее, в пакете;2 сп.;Ткань, Полиэстер, Разный, 60/220;3.78
2200000019561;"Подушка ""Relax"", Перкаль, в сумке";70x50;Ткань, Спанбонд , Белый, 20/240;0.19
2200000019561;"Подушка ""Relax"", Перкаль, в сумке";70x50;Ткань, Хлопок Поплин отбеленный , 110/220;0.19
2200000019578;"Подушка ""Relax"", Перкаль, в сумке";70х70;Ткань, Спанбонд , Белый, 20/240;0.26
2200000019578;"Подушка ""Relax"", Перкаль, в сумке";70х70;Ткань, Хлопок Поплин отбеленный , 110/220;0.26
2200000021090;"Подушка ""Думка"", Велсофт, в пакете";40х40;Ткань, Велсофт Однотонный жаккард, 280*205см;0.2
2200000021465;"Покрывало, ""Элегия"", бежевый";евро макси 240*220;Ткань, Велсофт Однотонный жаккард, 280*205см;2.47
2200000023032;"Подушка ""Бамбук"", Микрофибра, в сумке";70x50;Ткань, Микрофибра, Зеленый с тиснением, 85/220;0.38
2200000023032;"Подушка ""Бамбук"", Микрофибра, в сумке";70x50;Ткань, Спанбонд , Белый, 20/240;0.38
2200000023049;"Подушка ""Бамбук"", Микрофибра, в сумке";70х70;Ткань, Микрофибра, Зеленый с тиснением, 85/220;0.52
2200000023049;"Подушка ""Бамбук"", Микрофибра, в сумке";70х70;Ткань, Спанбонд , Белый, 20/240;0.52
2200000023094;"Подушка ""Дачная"", в пакете";70x50;Ткань, Полиэстер, Разный, 60/220;0.38
2200000023094;"Подушка ""Дачная"", в пакете";70x50;Ткань, Спанбонд , Белый, 20/240;0.38
2200000023117;"Подушка ""Лебяжий пух"", полижакард, в сумке";70x50;Ткань, Полижаккард, 85/220;0.36
2200000023124;"Подушка ""Лебяжий пух"", полижакард, в сумке";70х70;Ткань, Полижаккард, 85/220;0.5
2200000023131;"Подушка ""Лебяжий пух"", поплин, в сумке";70x50;Ткань, хлопок (Поплин), 110/220;0.36
2200000023131;"Подушка ""Лебяжий пух"", поплин, в сумке";70x50;Ткань, Спанбонд , Белый, 25/240;0.4
2200000023148;"Подушка ""Лебяжий пух"", поплин, в сумке";70х70;Ткань, хлопок (Поплин), 110/220;0.5
2200000023148;"Подушка ""Лебяжий пух"", поплин, в сумке";70х70;Ткань, Спанбонд , Белый, 25/240;0.54
2200000023179;"Одеяло ""Бамбук"", Демисезонное, в пакете";Евро;Ткань, Полиэстер, Белый, 65/220;4.9
2200000023193;"Одеяло ""Бамбук"", Демисезонное, в пакете";2 сп.;Ткань, Полиэстер, Белый, 65/220;3.87
2200000023223;"Одеяло ""Овечья шерсть"", Зимнее, многоиголка, скрутка в пакете, бежевое";1,5 сп.;Ткань, Полиэстер, Бежевый, 65/220;3.23
2200000023230;"Одеяло ""Овечья шерсть"", Зимнее, многоиголка, скрутка в пакете, бежевое";2 сп.;Ткань, Полиэстер, Бежевый, 65/220;3.91
2200000023247;"Одеяло ""Бамбук"", Демисезонное, в сумке";1,5 сп.;Ткань, Микрофибра, Зеленый с тиснением, 75/220;3.17
2200000023247;"Одеяло ""Бамбук"", Демисезонное, в сумке";1,5 сп.;Ткань, Микрофибра, Белый с тиснением, 75/220;3.17
2200000023254;"Одеяло ""Бамбук"", Демисезонное, в сумке";2 сп.;Ткань, Микрофибра, Зеленый с тиснением, 75/220;3.87
2200000023322;"Одеяло ""Верблюжья шерсть"", Демисезонное, в сумке";1,5 сп.;Ткань, Микрофибра, Бежевый с тиснением, 75/220;3.17
2200000023339;"Одеяло ""Верблюжья шерсть"", Демисезонное, в сумке";2 сп.;Ткань, Микрофибра, Бежевый с тиснением, 75/220;3.87
2200000023346;"Одеяло ""Верблюжья шерсть"", Демисезонное, в сумке";Евро;Ткань, Микрофибра, Бежевый с тиснением, 75/220;4.9
2200000025890;"Подушка ""Шелковый рай"", в сумке";70х70;Ткань, Микрофибра, Сиреневый Т-1, 110/220;0.98
2200000025890;"Подушка ""Шелковый рай"", в сумке";70х70;Ткань, Трикотаж, 3D сетка, 190/220;0.025
2200000028839;"Покрывало, ""Absolute"", звезды";1,5 сп;Ткань, Велсофт, цветной 280г, 2,05м;1.57
2200000030498;"Одеяло ""Овечья шерсть"", Облегченное, в пакете";1,5 сп.;Ткань, Полиэстер, Бежевый, 65/220;3.08
2200000030504;"Одеяло ""Овечья шерсть"", Облегченное, в пакете";2 сп.;Ткань, Полиэстер, Бежевый, 65/220;3.78
2200000033116;Халат с капюшоном,Велсофт,жен.,вензель;M-L;Ткань, Велсофт, цветной 280г, 2,05м;1.644
2200000033147;Халат с капюшоном,Велсофт,жен.,вензель;ХL-XXL;Ткань, Велсофт, цветной 280г, 2,05м;1.663
2200000033468;"Покрывало, ""Absolute"", цветы";2 сп;Ткань, Велсофт, цветной 280г, 2,05м;1.87
2210000001787;"Одеяло ""Лебединое озеро"", Демисезонное, в сумке";1,5 сп.;Ткань, Полижаккард, 85/220;3.17
2210000001787;"Одеяло ""Лебединое озеро"", Демисезонное, в сумке";1,5 сп.;Ткань, Полижаккард, Перо серое, 85/220;3.17
2210000003712;Наматрасник стеганый, 140*200;;Ткань, Полиэстер, Белый, 65/220;3.12
2210000004535;"Подушка ""Думка"", без упаковки";50х50;Ткань, Микрофибра, Бежевый с тиснением, 85/220;0.26
2210000004535;"Подушка ""Думка"", без упаковки";50х50;Ткань, Полиэстер, Лого на бежевом, 65/220;0.26
2210000005174;"Одеяло ""Эвкалипт"", Облегченное, в пакете";2 сп.;Ткань, Полиэстер, Эвкалипт, 60/220;3.78
2210000005341;Наматрасник стеганый, 90*200;;Ткань, Полиэстер, Белый, 65/220;1.98
2210000005457;Наматрасник стеганый, 180*200;;Ткань, Полиэстер, Белый, 65/220;3.8
2210000005501;Наматрасник стеганый, 160*200;;Ткань, Полиэстер, Белый, 65/220;3.45
2210000005563;Подушка ортопедическая с валиком, в сумке;;Ткань, Хлопок Трикотажный , Белый, 300/220;0.25
2210000005600;"Одеяло ""Эвкалипт"", Облегченное, в пакете";1,5 сп.;Ткань, Полиэстер, Эвкалипт, 60/220;3.08
2210000005709;"Одеяло ""Лебединое озеро"", Демисезонное, в сумке";2 сп.;Ткань, Полижаккард, 85/220;3.87
2210000005709;"Одеяло ""Лебединое озеро"", Демисезонное, в сумке";2 сп.;Ткань, Полижаккард, Перо серое, 85/220;3.87
2210000005990;"Одеяло ""Лебединое озеро"", Демисезонное, в сумке";Евро;Ткань, Полижаккард, Перо серое, 85/220;4.9
2210000008854;Наволочка, Бязь;50*70;Ткань, Хлопок бязь, 120/220;0.44
2210000009110;"Одеяло ""Бамбук"" скрутка, Летнее, в пакете, зеленое";1,5 сп.;Ткань, Полиэстер, Зеленый, 65/220;3.08
2210000009127;"Одеяло ""Бамбук"" скрутка, Летнее, в пакете, зеленое";2 сп.;Ткань, Полиэстер, Зеленый, 65/220;3.78
2210000010420;"Одеяло ""Бамбук"", Демисезонное, в пакете";Евро;Ткань, Полиэстер, Белый, 65/220;4.9
2210000010437;"Одеяло ""Бамбук"", Демисезонное, в пакете";1,5 сп.;Ткань, Полиэстер, Белый, 65/220;3.17
2210000010444;"Одеяло ""Бамбук"", Демисезонное, в пакете";2 сп.;Ткань, Полиэстер, Белый, 65/220;3.87
2210000010451;"Одеяло ""Бамбук"", Демисезонное, в пакете";Евро;Ткань, Полиэстер, Белый, 65/220;4.9
2210000011113;"Одеяло ""Овечья шерсть"", Зимнее, многоиголка, скрутка в пакете, бежевое";Евро;Ткань, Полиэстер, Бежевый, 65/220;4.95
2210000011137;"Одеяло ""Верблюжья шерсть"", Зимнее, в пакете";1,5 сп.;Ткань, Полиэстер, Бежевый, 65/220;3.23
2210000011144;"Одеяло ""Верблюжья шерсть"", Зимнее, в пакете";2 сп.;Ткань, Полиэстер, Бежевый, 65/220;3.91
2210000011151;"Одеяло ""Верблюжья шерсть"", Зимнее, в пакете";Евро;Ткань, Полиэстер, Бежевый, 65/220;4.95
2210000011168;"Одеяло ""Бамбук"", Зимнее, в пакете";Евро;Ткань, Полиэстер, Белый, 65/220;4.95
2210000011717;"Покрывало, ""Absolute"", мраморный";Евро;Ткань, Велсофт, цветной 280г, 2,05м;2.27
2210000012387;Наматрасник влагонепроницаемый, 120*60;;Ткань, Мулетон, Хлопок, 160/210;0.45
2210000012868;Набор наволочек 2шт, полисатин, бежевый;70*70;Ткань, Полисатин, Темно- бежевый, 75/220;0.58
2210000013872;Набор наволочек 2шт, полисатин, ромбы;50*70;Ткань, Полисатин, 75/220;0.44
2210000014862;Простыня, Поплин, бежевый;2-х сп 215х175;Ткань, хлопок Поплин для КПБ, 110/220;1.84
2210000015005;"Подушка ""Лебяжий пух"", полижакард, в сумке";70x50;Ткань, Полижаккард, 85/220;0.36
4600000010724;"Одеяло ""Бамбук"", Демисезонное, в сумке";1,5 сп.;Ткань, Микрофибра, Зеленый с тиснением, 75/220;3.17
4600000010724;"Одеяло ""Бамбук"", Демисезонное, в сумке";1,5 сп.;Ткань, Микрофибра, Белый с тиснением, 75/220;3.17
4600000010731;"Одеяло ""Бамбук"", Демисезонное, в сумке";2 сп.;Ткань, Микрофибра, Зеленый с тиснением, 75/220;3.87
4600000010748;"Одеяло ""Верблюжья шерсть"", Демисезонное, в сумке";1,5 сп.;Ткань, Микрофибра, Бежевый с тиснением, 75/220;3.17
4600000010755;"Одеяло ""Верблюжья шерсть"", Демисезонное, в сумке";2 сп.;Ткань, Микрофибра, Бежевый с тиснением, 75/220;3.87
4600000010830;"Одеяло ""Бамбук"", Демисезонное, в пакете";Евро;Ткань, Полиэстер, Белый, 65/220;4.9
4600000010861;"Одеяло ""Бамбук"", Демисезонное, в пакете";2 сп.;Ткань, Полиэстер, Белый, 65/220;3.87
4600000010960;"Одеяло ""Овечья шерсть"", Зимнее, многоиголка, скрутка в пакете, бежевое";2 сп.;Ткань, Полиэстер, Бежевый, 65/220;3.91
4600000011103;"Одеяло ""Лебединое озеро"", Демисезонное, в сумке";1,5 сп.;Ткань, Полижаккард, 85/220;3.17
4600000011103;"Одеяло ""Лебединое озеро"", Демисезонное, в сумке";1,5 сп.;Ткань, Полижаккард, Перо серое, 85/220;3.17
4600000011110;"Одеяло ""Лебединое озеро"", Демисезонное, в сумке";2 сп.;Ткань, Полижаккард, 85/220;3.87
4600000011110;"Одеяло ""Лебединое озеро"", Демисезонное, в сумке";2 сп.;Ткань, Полижаккард, Перо серое, 85/220;3.87
4600000011158;"Одеяло ""Лебединое озеро"", Демисезонное, в сумке";Евро;Ткань, Полижаккард, Перо серое, 85/220;4.9
4600000011196;"Одеяло ""Верблюжья шерсть"", Демисезонное, в сумке";Евро;Ткань, Микрофибра, Бежевый с тиснением, 75/220;4.9
4600000011301;"Одеяло ""Овечья шерсть"", Зимнее, многоиголка, скрутка в пакете, бежевое";1,5 сп.;Ткань, Полиэстер, Бежевый, 65/220;3.23
4600000011370;"Одеяло ""Эвкалипт"", Облегченное, в пакете";1,5 сп.;Ткань, Полиэстер, Эвкалипт, 60/220;3.08
4600000011387;"Одеяло ""Эвкалипт"", Облегченное, в пакете";2 сп.;Ткань, Полиэстер, Эвкалипт, 60/220;3.78
4600000020068;"Подушка ""Лебяжий пух"", полижакард, в сумке";70x50;Ткань, Полижаккард, 85/220;0.36
4600000020075;"Подушка ""Лебяжий пух"", полижакард, в сумке";70х70;Ткань, Полижаккард, 85/220;0.5
4600000020440;"Подушка ""Бамбук"", Микрофибра, в сумке";70x50;Ткань, Микрофибра, Зеленый с тиснением, 85/220;0.38
4600000020440;"Подушка ""Бамбук"", Микрофибра, в сумке";70x50;Ткань, Спанбонд , Белый, 20/240;0.38
4600000020457;"Подушка ""Бамбук"", Микрофибра, в сумке";70х70;Ткань, Микрофибра, Зеленый с тиснением, 85/220;0.52
4600000020457;"Подушка ""Бамбук"", Микрофибра, в сумке";70х70;Ткань, Спанбонд , Белый, 20/240;0.52
4600000020532;"Подушка ""Дачная"", в пакете";70x50;Ткань, Полиэстер, Разный, 60/220;0.38
4600000020532;"Подушка ""Дачная"", в пакете";70x50;Ткань, Спанбонд , Белый, 20/240;0.38
4600000020549;"Подушка ""Лебяжий пух"", поплин, в сумке";70x50;Ткань, хлопок (Поплин), 110/220;0.36
4600000020549;"Подушка ""Лебяжий пух"", поплин, в сумке";70x50;Ткань, Спанбонд , Белый, 25/240;0.4
4600000020556;"Подушка ""Лебяжий пух"", поплин, в сумке";70х70;Ткань, хлопок (Поплин), 110/220;0.5
4600000020556;"Подушка ""Лебяжий пух"", поплин, в сумке";70х70;Ткань, Спанбонд , Белый, 25/240;0.54
4600000020600;"Подушка ""Дачная"", в пакете";70x50;Ткань, Полиэстер, Разный, 60/220;0.38
4600000020600;"Подушка ""Дачная"", в пакете";70x50;Ткань, Спанбонд , Белый, 20/240;0.38
4600000020709;"Подушка ""Думка"", без упаковки";50х50;Ткань, Микрофибра, Бежевый с тиснением, 85/220;0.26
4600000020709;"Подушка ""Думка"", без упаковки";50х50;Ткань, Полиэстер, Лого на бежевом, 65/220;0.26
4603773500133;Одеяло ГЛ, Лебединое озеро, пакет, ДЕМИ;Евро;Ткань, Полижаккард, 85/220;4.9
4603773500164;"Одеяло ""Лебединое озеро"", Облегченное, в сумке";1,5 сп.;Ткань, Полижаккард, 85/220;3.08
4603773500171;"Одеяло ""Лебединое озеро"", Облегченное, в сумке";2 сп.;Ткань, Полижаккард, 85/220;3.74
4603773500270;"Подушка ""Лебяжий пух"", поплин, в сумке";70x50;Ткань, хлопок (Поплин), 110/220;0.36
4603773500270;"Подушка ""Лебяжий пух"", поплин, в сумке";70x50;Ткань, Спанбонд , Белый, 25/240;0.4
4603773500287;"Подушка ""Лебяжий пух"", поплин, в сумке";70х70;Ткань, хлопок (Поплин), 110/220;0.5
4603773500287;"Подушка ""Лебяжий пух"", поплин, в сумке";70х70;Ткань, Спанбонд , Белый, 25/240;0.54
4603773500331;"Подушка ""Думка"", без упаковки";50х50;Ткань, Микрофибра, Бежевый с тиснением, 85/220;0.26
4603773500331;"Подушка ""Думка"", без упаковки";50х50;Ткань, Полиэстер, Лого на бежевом, 65/220;0.26
4603773500355;"Подушка ""Думка"", Велсофт, в пакете";40х40;Ткань, Велсофт Однотонный жаккард, 280*205см;0.2
4603773500379;"Подушка ""Дачная"", в пакете";70x50;Ткань, Полиэстер, Разный, 60/220;0.38
4603773500379;"Подушка ""Дачная"", в пакете";70x50;Ткань, Спанбонд , Белый, 20/240;0.38
4603773500386;"Подушка ""Лебяжий пух"", полижакард, в сумке";70x50;Ткань, Полижаккард, 85/220;0.36
4603773500393;"Подушка ""Лебяжий пух"", полижакард, в сумке";70х70;Ткань, Полижаккард, 85/220;0.5
4603773500669;"Одеяло ""Бамбук"", Демисезонное, в пакете";Евро;Ткань, Полиэстер, Белый, 65/220;4.9
4603773502106;Покрывало ГЛ, Абсолют, велсофт, Леопард  1.01;1,5 сп;Ткань, Велсофт, Леопард 1.01, 280*205см;3.4400000000000004
4603773502212;"Покрывало, ""Элегия"", коричневый";2 сп;Ткань, Велсофт Однотонный жаккард, 280*205см;1.87
4603773502250;"Покрывало, ""Элегия"", бежевый";Евро;Ткань, Велсофт Однотонный жаккард, 280*205см;2.27
4603773502267;"Покрывало, ""Элегия"", бежевый";евро макси 240*220;Ткань, Велсофт Однотонный жаккард, 280*205см;2.47
4603773507262;Одеяло -покрывало двусторонее, в пакете;1,5 сп.;Ткань, Полиэстер, Разный, 60/220;3.08
4603773507279;Одеяло -покрывало двусторонее, в пакете;2 сп.;Ткань, Полиэстер, Разный, 60/220;3.78
4603773508023;"Покрывало, ""Absolute"", звезды";1,5 сп;Ткань, Велсофт, цветной 280г, 2,05м;1.57
4603773508979;Подушка ортопедическая с валиком, в сумке;;Ткань, Хлопок Трикотажный , Белый, 300/220;0.25
4603773508986;Подушка ортопедическая, Классика, в сумке;;Ткань, Хлопок Трикотажный , Белый, 300/220;0.2
4603773509020;Покрывало ГЛ, Абсолют, велсофт, Зебра 1.04;1,5 сп;Ткань, Велсофт, Зебра 1.04, 280*205см;1.57
4603773509723;"Одеяло ""Бамбук"", Демисезонное, в пакете";2 сп.;Ткань, Полиэстер, Белый, 65/220;3.87
4603773509792;Одеяло ГЛ ОДН, Сказки королевы, пакет;Евро;Ткань, хлопок (Поплин), 110/220;4.65
4603773509815;Одеяло ГЛ ОДН, Сказки королевы, пакет;2сп;Ткань, хлопок (Поплин), 110/220;3.65
4603773509822;Одеяло ГЛ ОДН, Сказки королевы, пакет;1,5сп;Ткань, хлопок Поплин, Цветок хлопка бежевый, 110/220;3.1
4673722460108;Одеяло АБ ТМ NN ОБЛ ПЭ, Верблюд, пакет;2сп;Ткань, Полиэстер, Бежевый, 65/220;3.78
4673722460207;Одеяло АБ ТМ NN ОБЛ ПЭ, Бамбук, пакет, Зеленый;Евро;Ткань, Полиэстер, Зеленый, 65/220;4.83
4673722460245;Одеяло АБ ТМ NN ОБЛ ПЭ, Эвкалипт, пакет, Зеленый;1,5сп;Ткань, Полиэстер, Зеленый, 65/220;3.08
4673722460252;Одеяло АБ ТМ NN ОБЛ ПЭ, Эвкалипт, пакет, Зеленый;2сп;Ткань, Полиэстер, Зеленый, 65/220;3.78
4673722460269;Одеяло АБ ТМ NN ОБЛ ПЭ, Эвкалипт, пакет, Зеленый;Евро;Ткань, Полиэстер, Зеленый, 65/220;4.83
4673722460603;Одеяло АБ, Лебединое озеро, пакет, ОБЛ;Евро;Ткань, Полижаккард, 85/220;4.83
4673722460665;Одеяло АБ, Шелковый рай, пакет, ДЕМИ, Лаванда;1,5сп;Ткань, Полиэстер, Лаванда, 70/220;3.17
4673722460672;Одеяло АБ, Шелковый рай, пакет, ДЕМИ, Лаванда;2сп;Ткань, Полиэстер, Лаванда, 70/220;3.87
4673722460689;Одеяло АБ, Шелковый рай, пакет, ДЕМИ, Лаванда;Евро;Ткань, Полиэстер, Лаванда, 70/220;4.9
4673722460894;Подушка АБ, в пакете, Экофайбер, Цветы;50*70;Ткань, Микрофибра Тик полиэстер, 85/220;0.36
4673722461099;Одеяло АБ ОДН, Лебединое озеро, пакет, ЗИМА;1,5сп;Ткань, Полижаккард, 85/220;3.1
4673722461105;Одеяло АБ ОДН, Лебединое озеро, пакет, ЗИМА;2сп;Ткань, Полижаккард, 85/220;3.65
4673722461112;Одеяло АБ ОДН, Лебединое озеро, пакет, ЗИМА;Евро;Ткань, Полижаккард, 85/220;4.65
4673722461129;Одеяло АБ ОДН, Шелковый рай, пакет, ЗИМА, Лаванда;1,5сп;Ткань, Микрофибра, Лаванда с бабочками, 85/220;3.1
4673722461136;Одеяло АБ ОДН, Шелковый рай, пакет, ЗИМА, Лаванда;2сп;Ткань, Микрофибра, Лаванда с бабочками, 85/220;3.65
4673722461143;Одеяло АБ ОДН, Шелковый рай, пакет, ЗИМА, Лаванда;Евро;Ткань, Микрофибра, Лаванда с бабочками, 85/220;4.65
4673722461167;Одеяло МАС ОДН, Бамбук, пакет, ЗИМА, Зеленый;2сп;Ткань, Микрофибра, Зеленый с тиснением, 85/220;3.65
4673722461266;Подушка АБ Декоративная, Микрофибра, Белая;50*70;Ткань, Микрофибра, Белый с тиснением, 85/220;0.36
4673722461365;Халат АБ с капюшоном,жен.,Леопард 1.01;M-L;Ткань, Велсофт, Леопард 1.01, 280*205см;1.644
4673722461372;Халат АБ с капюшоном,жен.,Леопард 1.01;ХL-ХХL;Ткань, Велсофт, Леопард 1.01, 280*205см;1.663
4673722461389;Халат АБ с капюшоном,жен.,Зебра 1.04;M-L;Ткань, Велсофт, Зебра 1.04, 280*205см;1.644
4673722461396;Халат АБ с капюшоном,жен.,Зебра 1.04;ХL-ХХL;Ткань, Велсофт, Зебра 1.04, 280*205см;1.663
4673722461402;Халат АБ с капюшоном,жен.,Узор листья 2.02;M-L;Ткань, Велсофт, Узор листья 2.02, 280*205см;1.644
4673722461419;Халат АБ с капюшоном,жен.,Узор листья 2.02;ХL-ХХL;Ткань, Велсофт, Узор листья 2.02, 280*205см;1.663
4673722461426;Халат АБ с капюшоном,жен.,Белый леопард 1.05;M-L;Ткань, Велсофт, Синие звезды на белом 3.04, 280*205см;1.644
4673722461433;Халат АБ с капюшоном,жен.,Белый леопард 1.05;ХL-ХХL;Ткань, Велсофт, Синие звезды на белом 3.04, 280*205см;1.663
4673722461686;Халат АБ с капюшоном,жен.,Бабочки 1.02;M-L;Ткань, Велсофт, Бабочки 1.02, 280*205см;1.644
4673722461693;Халат АБ с капюшоном,жен.,Бабочки 1.02;ХL-ХХL;Ткань, Велсофт, Бабочки 1.02, 280*205см;1.663
4673722461709;Халат АБ с капюшоном,жен.,Совы 1.03;M-L;Ткань, Велсофт, Совы 1.03, 280*205см;1.644
4673722461716;Халат АБ с капюшоном,жен.,Совы 1.03;ХL-ХХL;Ткань, Велсофт, Совы 1.03, 280*205см;1.663
4673722461785;Халат АБ с капюшоном,жен.,Мрамор 2.01;M-L;Ткань, Велсофт, Мрамор 2.01, 280*205см;1.644
4673722461792;Халат АБ с капюшоном,жен.,Мрамор 2.01;ХL-ХХL;Ткань, Велсофт, Мрамор 2.01, 280*205см;1.663
4673722462164;Ткань АБ, Мулетон, ПЭ, 1 метр;;Ткань, Мулетон, ПЭ, 160/205;1.08
4673722462171;Ткань АБ, Мулетон, ПЭ, 2 метра;;Ткань, Мулетон, ПЭ, 160/205;2.08
4673722462188;Ткань АБ, Мулетон, ПЭ, 3 метра;;Ткань, Мулетон, ПЭ, 160/205;3.1
4673722462195 ;Ткань АБ, Мулетон, ПЭ, 5 метров;;Ткань, Мулетон, ПЭ, 160/205;5.1
4673722462249;Ткань АБ, Мулетон, Хлопок, 1 метр;;Ткань, Мулетон, Хлопок, 160/210;1.08
4673722462256;Ткань АБ, Мулетон, Хлопок, 2 метра;;Ткань, Мулетон, Хлопок, 160/210;2.08
4673722462263;Ткань АБ, Мулетон, Хлопок, 3 метра;;Ткань, Мулетон, Хлопок, 160/210;3.1
4673722462270;Ткань АБ, Мулетон, Хлопок, 5 метров;;Ткань, Мулетон, Хлопок, 160/210;5.1
4673722470800;Одеяло ГЛ ОДН, Шелковый рай Премиум, пакет, Белый;1,5сп;Ткань, Микрофибра, Белый с бабочками, 85/220;3.1
4673722470824;Одеяло ГЛ ОДН, Шелковый рай Премиум, пакет, Белый;Евро;Ткань, Микрофибра, Белый с бабочками, 85/220;4.65
4673722470879;Подушка ГЛ, Шелковый рай, в пакете, Белая;50*70;Ткань, Микрофибра, Белый с бабочками, 85/220;0.36
4673722470886;Подушка ГЛ, Шелковый рай, в пакете, Белая;70*70;Ткань, Микрофибра, Белый с бабочками, 85/220;0.5
4673722470930;Покрывало ГЛ, Абсолют, велсофт, Леопард  1.01;2 сп.;Ткань, Велсофт, Леопард 1.01, 280*205см;3.4400000000000004
4673722470947;Покрывало ГЛ, Абсолют, велсофт, Леопард  1.01;Евро;Ткань, Велсофт, Леопард 1.01, 280*205см;2.27
4673722470954;Покрывало ГЛ, Абсолют, велсофт, Зебра 1.04;2 сп.;Ткань, Велсофт, Зебра 1.04, 280*205см;1.57
4673722470961;Покрывало ГЛ, Абсолют, велсофт, Зебра 1.04;Евро;Ткань, Велсофт, Зебра 1.04, 280*205см;2.27
4673722471005;Думка ГЛ, Велсофт, Леопард 1.01;40*40;Ткань, Велсофт, Леопард 1.01, 280*205см;0.2
4673722471012;Думка ГЛ, Велсофт, Зебра 1.04;40*40;Ткань, Велсофт, Зебра 1.04, 280*205см;0.2
4673722471043;Думка ГЛ, Велсофт, Белый леопард 1.05;40*40;Ткань, Велсофт, Леопард Белый 1.05, 280*205см;0.2
4673722471302;Покрывало ГЛ, Абсолют, велсофт, Мрамор 2.01;1,5 сп;Ткань, Велсофт, Мрамор 2.01, 280*205см;1.87
4673722471319;Покрывало ГЛ, Абсолют, велсофт, Мрамор 2.01;2 сп.;Ткань, Велсофт, Мрамор 2.01, 280*205см;1.87
4673722471326;Покрывало ГЛ, Абсолют, велсофт, Мрамор 2.01;Евро;Ткань, Велсофт, Мрамор 2.01, 280*205см;2.27
4673722471333;Покрывало ГЛ, Абсолют, велсофт, Белый леопард 1.05;1,5 сп;Ткань, Велсофт, Леопард Белый 1.05, 280*205см;1.57
4673722471340;Покрывало ГЛ, Абсолют, велсофт, Белый леопард 1.05;2 сп.;Ткань, Велсофт, Леопард Белый 1.05, 280*205см;1.87
4673722471357;Покрывало ГЛ, Абсолют, велсофт, Белый леопард 1.05;Евро;Ткань, Велсофт, Леопард Белый 1.05, 280*205см;2.27
4673722471708;Одеяло ГЛ ОДН, Детское, пакет, ЗИМА, Белый Голубой кант;140*110;Ткань, Полисатин, Белый, 100/240;0.775
4673734367464;Подушка МАС, Лебединое озеро, в пакете, Полижаккард, Перья;50*70;Ткань, Полижаккард, Перо серое, 85/220;0.36
4673734367518;Одеяло МАС ПЭ, Верблюд, пакет, ДЕМИ;1,5сп;Ткань, Полиэстер, Бежевый, 65/220;3.17
4673734367525;Одеяло МАС ПЭ, Верблюд, пакет, ДЕМИ;2сп;Ткань, Полиэстер, Бежевый, 65/220;3.87
4673734367532;Одеяло МАС ПЭ, Верблюд, пакет, ДЕМИ;Евро;Ткань, Полиэстер, Бежевый, 65/220;4.9
4673734367549;Одеяло МАС, Овечья шерсть, пакет, ДЕМИ;1,5сп;Ткань, Полиэстер, Бежевый, 65/220;3.17
4673734367556;Одеяло МАС, Овечья шерсть, пакет, ДЕМИ;2сп;Ткань, Полиэстер, Бежевый, 65/220;3.87
4673734367563;Одеяло МАС, Овечья шерсть, пакет, ДЕМИ;Евро;Ткань, Полиэстер, Бежевый, 65/220;4.9
4673734367938;Одеяло МАС ОБЛ ПЭ, Бамбук, пакет, Лаванда;1,5сп;Ткань, Полиэстер, Лаванда, 70/220;3.08
4673734367945;Одеяло МАС ОБЛ ПЭ, Бамбук, пакет, Лаванда;2сп;Ткань, Полиэстер, Лаванда, 70/220;3.78
4673734367952;Одеяло МАС ОБЛ ПЭ, Бамбук, пакет, Лаванда;Евро;Ткань, Полиэстер, Лаванда, 70/220;4.83
4673745496009;Одеяло МАС, Эвкалипт, пакет, ОБЛ, Белый;1,5сп;Ткань, Полиэстер, Белый, 65/220;3.08
4673745496016;Одеяло МАС, Эвкалипт, пакет, ОБЛ, Белый;2сп;Ткань, Полиэстер, Белый, 65/220;3.78
4673745496023;Одеяло МАС, Эвкалипт, пакет, ОБЛ, Белый;Евро;Ткань, Полиэстер, Белый, 65/220;4.83
4673745496085;Думка МАС, Микрофибра, Бежевая;45*45;Ткань, Микрофибра, Бежевый с тиснением, 85/220;0.24
4673745496108;Думка МАС, Микрофибра, Зеленая;40*40;Ткань, Микрофибра, Зеленый с тиснением, 85/220;0.18
4673745496115;Думка МАС, Микрофибра, Бежевая;40*40;Ткань, Микрофибра, Бежевый с тиснением, 85/220;0.18
4673745496139;Думка МАС, Микрофибра, Зеленая;45*45;Ткань, Микрофибра, Зеленый с тиснением, 85/220;0.24
4673745496160;Одеяло МАС ТМ NN, Верблюд, пакет, ОБЛ;Евро;Ткань, Полиэстер, Бежевый, 65/220;4.83
4673745496573;Одеяло МАС ОДН, Лебединое озеро, пакет, ЗИМА без канта, Лого;1,5сп;Ткань, Полижаккард, Лого золотой, 85/220;6.75
4673745496580;Одеяло МАС ОДН, Лебединое озеро, пакет, ЗИМА без канта, Лого;2сп;Ткань, Полижаккард, Лого золотой, 85/220;6.75
4673745496610;Одеяло МАС ОДН, Эвкалипт ПЭ, пакет, ЗИМА;1,5сп;Ткань, Полиэстер, Эвкалипт, 60/220;3.1
4673745496627;Одеяло МАС ОДН, Эвкалипт ПЭ, пакет, ЗИМА;2сп;Ткань, Полиэстер, Эвкалипт, 60/220;3.65
4673755489077;Думка АЮ, Микрофибра, Белая;40*40;Ткань, Микрофибра, Белый с тиснением, 85/220;0.18
4673755489084;Думка АЮ, Микрофибра, Белая;45*45;Ткань, Микрофибра, Белый с тиснением, 85/220;0.24
4673755489107;Одеяло АЮ многоиголка, Бамбук, пакет, ЗИМА, Белый;1,5сп;Ткань, Микрофибра, Белый с тиснением, 85/220;3.23
4673755489114;Одеяло АЮ многоиголка, Бамбук, пакет, ЗИМА, Белый;2сп;Ткань, Микрофибра, Белый с тиснением, 85/220;3.91
4673755489121;Одеяло АЮ многоиголка, Бамбук, пакет, ЗИМА, Белый;Евро;Ткань, Микрофибра, Белый с тиснением, 85/220;4.95
4673755489251;КПБ АЮ, Verona, Полисатин, 2309-8/2410-6/Зебра;1,5 сп.;Ткань, Полисатин, Зебра, 75/220;4.65
4673755489343;КПБ АЮ, Verona, Полисатин, 2309-2, 2410-2 Звезды на сером 3;2сп;Ткань, Полисатин, Звезды на сером, 75/220;5.53
4673755489404;КПБ АЮ, Verona, Полисатин, 2309-8/2410-6/Зебра;2сп;Ткань, Полисатин, Зебра, 75/220;6.11
4673755489411;КПБ АЮ, Verona, Полисатин, 2309-9 Коты на синем 1;2сп;Ткань, Полисатин, Коты на синем, 75/220;5.53
4673764150296;КПБ АЮ, Verona, Полисатин, 2410-10 Перья на коричневом2;1,5 сп.;Ткань, Полисатин, Перья на коричневом, 75/220;5.23
4673764150302;КПБ АЮ, Verona, Полисатин, 2410-12 Узор желтый на сером2;1,5 сп.;Ткань, Полисатин, Узор желтый на сером, 75/220;5.23
4673764150326;КПБ АЮ, Verona, Полисатин, 2410-14 Коты оранжевые на беж1;1,5 сп.;Ткань, Полисатин, Коты оранжевые на беж, 75/220;5.23
4673764150333;КПБ АЮ, Verona, Полисатин, 2410-18 Серый меланж4;1,5 сп.;Ткань, Полисатин, Серый меланж, 75/220;2.13
4673764150357;КПБ АЮ, Verona, Полисатин, 2410-8 Листья коричневые3;1,5 сп.;Ткань, Полисатин, Листья коричневые, 75/220;5.23
4673764150364;КПБ АЮ, Verona, Полисатин, 2410-10 Перья на коричневом2;2сп;Ткань, Полисатин, Перья на коричневом, 75/220;5.53
4673764150395;КПБ АЮ, Verona, Полисатин, 2410-14 Коты оранжевые на беж1;2сп;Ткань, Полисатин, Коты оранжевые на беж, 75/220;5.53
4673764150401;КПБ АЮ, Verona, Полисатин, 2410-18 Серый меланж4;2сп;Ткань, Полисатин, Серый меланж, 75/220;5.53
4673764150425;КПБ АЮ, Verona, Полисатин, 2410-8 Листья коричневые3;2сп;Ткань, Полисатин, Листья коричневые, 75/220;5.53
4673764150920;Простыня АЮ, Страйп-сатин, Белый;Евро 220*240;Ткань, Хлопок Сатин страйп полоса 1*1, 220 см;2.45
4673764150937;Простыня АЮ, Страйп-сатин, Белый;Евро Макси 240*260;Ткань, Хлопок Сатин страйп полоса 1*1, 240 см;2.69
4673764150944;Простыня на резинке по периметру АЮ, Полисатин, Белый;90*200;Ткань, Полисатин, Белый, 100/240;1.35
4673764150951;Простыня на резинке по периметру АЮ, Полисатин, Белый;160*200;Ткань, Полисатин, Белый, 100/240;2.55
4673764150975;Простыня на резинке по периметру АЮ, Полисатин, Серый;90*200;Ткань, Полисатин, Серый, 95/240;1.35
4673764150982;Простыня на резинке по периметру АЮ, Полисатин, Серый;160*200;Ткань, Полисатин, Серый, 95/240;2.55
4673764151002;Простыня на резинке по периметру АЮ, Полисатин, Темно-серый;90*200;Ткань, Полисатин, Темно-серый, 95/240;1.35
4673764151019;Простыня на резинке по периметру АЮ, Полисатин, Темно-серый;160*200;Ткань, Полисатин, Темно-серый, 95/240;2.55
4673764151033;Простыня на резинке по периметру АЮ, Полисатин, Бежевый;90*200;Ткань, Полисатин, Бежевый, 95/240;1.35
4673764151040;Простыня на резинке по периметру АЮ, Полисатин, Бежевый;160*200;Ткань, Полисатин, Светло- бежевый, 75/220;2.55
4673764151040;Простыня на резинке по периметру АЮ, Полисатин, Бежевый;160*200;Ткань, Полисатин, Бежевый, 95/240;2.55
4673764151064;Набор наволочек АЮ 2шт, Страйп-сатин, Белый;50*70;Ткань, Хлопок Сатин страйп полоса 1*1, 220 см;0.44
4673764151156;Набор наволочек АЮ 2шт, LOFT, Полисатин, Темно-серый;70*70;Ткань, Полисатин, Темно-серый, 95/240;0.58
4673764151361;КПБ АЮ, LOFT, Полисатин, Белый;1,5 сп.;Ткань, Полисатин, Белый, 100/240;5.0600000000000005
4673764151378;КПБ АЮ, LOFT, Полисатин, Белый;2сп с евро;Ткань, Полисатин, Белый, 100/240;3.7
4673764151385;КПБ АЮ, LOFT, Полисатин, Белый;евро;Ткань, Полисатин, Белый, 100/240;6.6400000000000006
4673764151392;КПБ АЮ, LOFT, Полисатин, Бежевый;1,5 сп.;Ткань, Полисатин, Бежевый, 95/240;5.0600000000000005
4673764151408;КПБ АЮ, LOFT, Полисатин, Бежевый;2сп с евро;Ткань, Полисатин, Бежевый, 95/240;3.7
4673764151415;КПБ АЮ, LOFT, Полисатин, Бежевый;евро;Ткань, Полисатин, Бежевый, 95/240;6.6400000000000006
4673764151422;КПБ АЮ, LOFT, Полисатин, Серый;1,5 сп.;Ткань, Полисатин, Серый, 95/240;5.0600000000000005
4673764151439;КПБ АЮ, LOFT, Полисатин, Серый;2сп с евро;Ткань, Полисатин, Серый, 95/240;3.7
4673764151446;КПБ АЮ, LOFT, Полисатин, Серый;евро;Ткань, Полисатин, Серый, 95/240;2.48
4673764151453;КПБ АЮ, LOFT, Полисатин, Темно-серый;1,5 сп.;Ткань, Полисатин, Темно-серый, 95/240;5.0600000000000005
4673764151477;КПБ АЮ, LOFT, Полисатин, Темно-серый;евро;Ткань, Полисатин, Темно-серый, 95/240;6.6400000000000006
4673764151484;Наматрасник непромокаемый АЮ, хлопок, борт ПЭ;90*200;Ткань, Полиэстер, Белый, 65/220;0.096
4673764151484;Наматрасник непромокаемый АЮ, хлопок, борт ПЭ;90*200;Ткань, Мулетон, Хлопок, 160/210;1.45
4673764151569;Наматрасник непромокаемый АЮ, ПЭ,борт сетка;90*200;Ткань, Мулетон, ПЭ, 160/205;0.95
4673764151576;Наматрасник непромокаемый АЮ, ПЭ,борт сетка;140*200;Ткань, Мулетон, ПЭ, 160/205;1.45
4673764151583;Наматрасник непромокаемый АЮ, ПЭ,борт сетка;160*200;Ткань, Мулетон, ПЭ, 160/205;1.65
4673764151590;Наматрасник непромокаемый АЮ, ПЭ,борт сетка;180*200;Ткань, Мулетон, ПЭ, 160/205;1.85
4673764815379;Подушка СОЛ, в пакете, Полижаккард, Перья;70*70;Ткань, Полижаккард, Перо серое, 85/220;0.5
